parent_tweet,reply_tweet
"#4U9525 took eight minutes to descend from 38,000 feet to impact, says Germanwings CEO Winkelmann.",@thatjohn @AirlineReporter at what point during those 8 min did distress call go out?
#4U9525: Robin names Andreas Lubitz as the copilot in the flight deck who crashed the aircraft.,@henkvaness where did you hear that?
#BREAKING : Both Charlie Hebdo suspects killed as police storm building (police sources) http://t.co/OYSXRQ9xuv http://t.co/8ICThapo7z,@KayBurley Allegedly?
#BREAKING Gunman in policewoman killing suspected in new Paris hostage-taking: source,@AFP give the source please
"#BREAKING Hostages held inside Sydney cafe, Islamic flag held up",@AFP do you enjoy being consistently wrong or is it really inadvertent?
#BREAKING Reports two customers and an employee have escaped the #SydneySiege http://t.co/fSLeobzxHh,@lucethoughts @774melbourne does it mean the hostage crisis is over ?
#BREAKING Reports two customers and an employee have escaped the #SydneySiege http://t.co/fSLeobzxHh,@dailytelegraph You're reporting a report? What's your source?
"#BREAKING Rick Hughes at CBC Hamilton: 

The soldier who was shot in Ottawa Wednesday morning is a reservist serving in Hamilton",@cbcsaltzman @CBCNews is he alright?
#BREAKING: At least two people have died following the #SydneySiege. 5 people are being treated by paramedics.,@AusNewsNetwork what's happened to the guy!
#CharlieHebdo killers shot dead by police,@KayBurley @PaulineMBarten Killers? No trial? Can you please provide the evidence that these people were involved in #CharlieHebdo
#CharlieHebdo killers shot dead by police,@KayBurley what about the hostage hopefully still alive.
#Ferguson chief let most of day go by b4 disclosing (after repeated Qs) that cop who killed #MikeBrown knew nothing about robbery. DANGER,It's a strategy to manipulate media and misinform people. @LisaBloom
#Ferguson chief let most of day go by b4 disclosing (after repeated Qs) that cop who killed #MikeBrown knew nothing about robbery. DANGER,@LisaBloom Lisa is he the confirmed robber?
#Ferguson chief let most of day go by b4 disclosing (after repeated Qs) that cop who killed #MikeBrown knew nothing about robbery. DANGER,@leonlohr @LisaBloom Shoving a clerk means you'll take on a police officer with a  gun? #SoundLogic #YesThisIsSarcasm #MikeBrown
#Ferguson chief let most of day go by b4 disclosing (after repeated Qs) that cop who killed #MikeBrown knew nothing about robbery. DANGER,@LisaBloom Did the media ask for the video under FOIA as the Chief of Police said? And why was video released without  commentary in am?
#Ferguson police: Officer involved in fatal shooting of Michael Brown didn't know he was suspect in alleged robbery. http://t.co/L6bieyrz2a,@ThiruNagan @WSJ nothing is random where the West is concerned...
"#ISIS Media account posts picture claiming to be Michael Zehaf-Bibeau, dead #OttawaShooting suspect. #Canada http://t.co/kWam0E4tyX",@ArmedResearch Suppose that's real: that guy is carrying a lever action rifle it looks like?
"#ISIS Media account posts picture claiming to be Michael Zehaf-Bibeau, dead #OttawaShooting suspect. #Canada http://t.co/kWam0E4tyX",@xSkylaStarx I could tell you but then I'd have to kill you. ;-)
"#ISIS Media account posts picture claiming to be Michael Zehaf-Bibeau, dead #OttawaShooting suspect. #Canada http://t.co/kWam0E4tyX","@ArmedResearch hi, where did you source this pic?"
"#ISIS Media account posts picture claiming to be Michael Zehaf-Bibeau, dead #OttawaShooting suspect. #Canada http://t.co/kWam0E4tyX",@ArmedResearch Source?
"#ISIS Media account posts picture claiming to be Michael Zehaf-Bibeau, dead #OttawaShooting suspect. #Canada http://t.co/kWam0E4tyX","@ArmedResearch hi, could you point us to the account? I'm a reporter"
"#ISIS Media account posts picture claiming to be Michael Zehaf-Bibeau, dead #OttawaShooting suspect. #Canada http://t.co/kWam0E4tyX",@ArmedResearch Which accounts?
"#ISIS Media account posts picture claiming to be Michael Zehaf-Bibeau, dead #OttawaShooting suspect. #Canada http://t.co/kWam0E4tyX",@ArmedResearch Could you tell us your source please?
"#ISIS Media account posts picture claiming to be Michael Zehaf-Bibeau, dead #OttawaShooting suspect. #Canada http://t.co/kWam0E4tyX",@ArmedResearch What media account did you get this photo from? What is your confirmation that this is the guy? DM me please
#MikeBrown wanted to walk down the street. And he is dead. And the #Ferguson PD is using his silence in death to make him a criminal.,@scATX If they were criminals why did the police not arrest his friend right away?They shot one robber &amp; let the other go #MikeBrown
"#RCMP to hold news conference on #Ottawa shootings at 2 pm ET, 11 am PT. Watch live coverage @ http://t.co/kngapKTSCe","@CBCAlerts 
Has car-jacking by suspects been confirmed?  Questionable."
"#RCMP to hold news conference on #Ottawa shootings at 2 pm ET, 11 am PT. Watch live coverage @ http://t.co/kngapKTSCe",@CBCAlerts @CBC is it over or are they still looking for the gunmen?
"#SYDNEYSIEGE: Hostage-takers ‚Äòhave suicide belts, demand radio convo with #Abbott‚Äô ‚Äì report http://t.co/1ZlzKDjvSf http://t.co/7Jej7i4SlO",@psc96180_pablo well tell everyone you know not to believe it..it's gonna fall apart I bet!
"#SydneySiege: Latest video of hostages escaping.
https://t.co/eFfgSbt2hO",@FoxNews Is he dead yet?
*Mutes Universe*,"@BklynMiddleton The pause button is broken and there is no rewind function.
It's terrifying when you think about it."
*Mutes Universe*,@PD28 @BklynMiddleton Hashtag #kosher shows lots of journalists are referring to it as a kosher supermarket.
.@jashsf @JesseLaGreca I've been in #Ferguson Market and it looks exactly like where the alleged robber was standing.,@JustinGlawe @JesseLaGreca it wasn't the quik stop that got burned down?
".@Mr_Odin No, they presumed their customers weren't economic illiterates. They presumed wrong. @JonnyPut @Uber_Sydney @AndrewCrow","@alfinitum Uber is covering the cost of all rides, drivers will still receive higher rates from Uber http://t.co/UIwoom25Bm"
".@orangeseahorse @Alasscan_ - Even if robbery took place &amp; stop legal, actions after 1st &amp; 2d shot &amp; after #MikeBrown put #HandsUp = MURDER",@DorothyKidd1 Absolutely!  @DanteB4u @Maggyw519 @orangeseahorse
@1drngju @RT_com @AnonymTipster ;),@BigBadBeardBoy @RT_com They have also evacuated Sydney state library but I have no idea why #Sydneysiege
@20committee @kshaidle maybe we should start revoking passports AFTER they leave...,If Michael Zehaf-Bebeau had his passport confiscated doesn't it make sense to track his movements - was this done? @20committee @BlogsofWar
"@20committee Oh, so they already know where Z-B had gone to? Any travels to the Levant recently?",@aniekan_o sure looks like one
@a_man_in_black @andybankertv @FOX2now @tomman1 I'm not arguing that he deserved to be shot.,@a_man_in_black @andybankertv @FOX2now @tomman1 I'm not arguing that he deserved to be shot.
@a_man_in_black @andybankertv @FOX2now dude even his parents acknowledge it's him.,@andybankertv @FOX2now Any chance that's being said for fear of retribution?
@AFPphoto I strongly condemn this terrorist attack as a Turkish Muslim.I love my Prophet.But my Prophet rejects terrorism.,@galaturco @AFPphoto how do you know that the attackers were muslims?
"@Alasscan_ @DanteB4u Alasscan it's a lie. Pics are fake. No robbery was reported! If true, police would have said it last week to stop riots","@DanteB4u You were correct yesterday! 
Ferguson police chief: Officer didn't stop Brown as robbery suspect
http://t.co/B2xRBEfjNQ"
"@alfinitum @Uber_Sydney Yeah I think so. They're getting $100+, riders aren't wearing diff. Good gesture. Poor message transmission","@Uber_Sydney Yes, that's excellent. What is the wait time for a ride out of the Sydney CBD right now? Are rides available right now?"
@amyminsky @cindyreddeer Okay did quick search.  Seems these are low level wannabe terrorists retaliating for Canada's stand against ISIS.,"@amyminsky @cindyreddeer Okay, so what's been happening in Canada?"
@andybankertv @FOX2now Any chance that's being said for fear of retribution?,@andybankertv @DavidSTLhss @FOX2now even though his friend and witness to the shooting has admitted to the cigarillo theft?
@andybankertv @FOX2now Any chance that's being said for fear of retribution?,@lilfer1234 @andybankertv @FOX2now or maybe the police scared him into saying it was michael brown in the first place?
@andybankertv @FOX2now no doubt scared for his life. It's obviously mike brown in the video,@tomman191 @andybankertv @FOX2now And the store owner and the pictures say it wasn't. Why does someone who didn't see it matter?
@andybankertv @FOX2now Somebody else probably did commit theft.  Brown committed Robbery.,@andybankertv @FOX2now   Is that the video also?
@ArmedResearch  SOURCE plz :),@ArmedResearch Which accounts?
@ArmedResearch  SOURCE plz :),@ArmedResearch @CindyPom Can you DM me the accounts too? I have some choice words
@ArmedResearch Suppose that's real: that guy is carrying a lever action rifle it looks like?,@ArmedResearch  SOURCE plz :)
@asstnews @ap Sorry.I have been watching the coverage for a while now. Just thought AP was quicker than that.  Tweet was posted 5 min ago.,@AP u r just now reporting on this?  Wow
@avitalleibovich link?,@avitalleibovich link?
@BabiesBaubles @TheSocialCTV Massey Hall tix 10$? #Prince,@TheSocialCTV Where??? #Prince
@BBCWorld BUT WHY A FUCKING CAFE IN AUSTRALIA,@BBCWorld BUT WHY A FUCKING CAFE IN AUSTRALIA
@beets But 3rd Eye Girl will be? Did you ask LN if The Artist Formerly Known As #Prince is playing?,@LiveNationON Soo... Its tomorrow night!? #Prince @masseyhall
@BobBobbins1 it will still be #blametony,"@SkyNewsAust. Isn't the Arabic for God, Allah? So shouldn't it be - ""There is no god but the God, Muhammad is the messenger of the God"""
@BreakingNews @CBCNews @TorontoStar So Canada's strict gun control policies have failed,"@CutGovtSpending @BreakingNews @CBCNews @TorontoStar that is such a stupid, uneducated comment"
@BrigadierSlog @tikikate @CBSThisMorning heard via whom?,@Asher_Wolf CNN too I have heard @tikikate @CBSThisMorning
@BrwnSkinGirly @CNNVideo You do realize he didnt get shot because of that robbery? He was shot during protests and riots.,@KoszikMeows @CNNVideo then why accuse him of a robbery if thats not why they killed him? Whats the point of bringing it up..
@BuzzFeedNews @BuzzFeedOz she's kinda cute considering she's all scared out of her mind and all.,Gelukkig! ‚Äú@BuzzFeedNews: 5 Hostages Escape Sydney Cafe Siege ‚Äî Live Updates From @BuzzFeedOz http://t.co/LtkNnkZR4t http://t.co/HrkdkuiGGY‚Äù
@cdnmickeyfan @CBCAlerts Fear has always been easier to manipulate than courage.,@PrideSky @CBCAlerts So what they are doing is right??? You're wacked!!! You should be on a list!!!
@cindyreddeer True.  But I hear there was a similar incident this past Monday. Is that correct?  That makes me think its low level terrorism,@cindyreddeer True.  But I hear there was a similar incident this past Monday. Is that correct?  That makes me think its low level terrorism
@cnnbrk hope they die fuck canada,@cnnbrk Weren't you reporting THREE incidents earlier?
@codywohlers @emerhughes4 Try reading my timeline instead of asking me to repeat myself.,@emerhughes4 @ArmedResearch ?????? #whatsthesource
"@cpjskippy @smallthunderdog @Independent 
a provocation is an invitation !!",@RajaChemayel @smallthunderdog @Independent in invitation to getting killed? you utter utter arse.
@DanteB4u @Alasscan_ Racist LIE to make it seem like innocent black child was a criminal. It will not work!! Police LIE may start more riots,"@DanteB4u Another question, how would the police engage a suspect from INSIDE his vehicle? And, why not question 2nd suspect?"
"@DanteB4u I could not agree more, it just plain sounds preposterous. And why did he NOT get OUT of the car. It has to be a huge LIE.",@MarkMC9 @DanteB4u shits not adding up. What convenient store was robbed? Who are the witnesses that called it in?
@DaryusAzad @CBCAlerts @CBCNews @JustinTrudeau you force that woman in your pic to dress that way?,@Cdn_Bowhunter @CBCAlerts @CBCNews @JustinTrudeau exactly so why did you or your friend already pointed the fingers at Muslims #ignorantmuch
@DaveBeninger @SheilaGunnReid Canadian news contradicts this,@DaveBeninger @SheilaGunnReid Perhaps wait for Canadian source.
@designnotdrum @JSchoenberger7 @TheAnonMessage Shahada on a black flag is a general Jihad flag that Al Qaeda/Al Nusra etc.. use.,"@JSchoenberger7 @TheAnonMessage The Shahada is not a ""group."" http://t.co/NtmkHzKMTx Basic googling skills help. Misinfo doesn't."
"@DianneG More on situation at Martin Place in Sydney, AU http://t.co/MWMQsw0IHB

 @KristyMayr7",@KristyMayr7 @maddychipendale Have you actually confirmed its an ISIS flag or are you talking shit
@dissuade p sure you know the answer to that question.,@jlpauk @Tom_sveb @rui_xu @flavius217 What they did today was also a good way to taint the jury pool.
@Does_It_Mata @BBCWorld The cafe is in the central business district of Sydney. Right across from Channel 7 news head office.,@XxPLWxX @BBCWorld cos it's not
@Donnajcherold @doctorfullerton @DaveBeninger Donna - the rcmp incident in Quebec versus today in ottawa,@NatriceR @doctorfullerton @DaveBeninger ??????
@drpolson @at_the_foxhole @zadiaz @mashable 18 is an ADULT,@at_the_foxhole @TracyMo53321503 @zadiaz @mashable still unclear in the context of the shooting of an unarmed teen. But ok.
@drusudy @BBCBreaking jet so many Muslims around the world are a problem how do you explain that?,@drusudy @BBCBreaking jet so many Muslims around the world are a problem how do you explain that?
@drusudy @BBCBreaking Muslims are a problem all around the world and your statement is false and a lie.,"@marcwinger @BBCBreaking Extremist rather, no true Muslim will do such nonsense act! The world should know this by now..."
@emerhughes4 @ArmedResearch ?????? #whatsthesource,@xSkylaStarx @ArmedResearch so there's no source?
@emerhughes4 Do you work for the media?,@ArmedResearch Many here in Ottawa media looking for the source of this photo.
"@flavius217 I'm curious, had the suspect been white would the PD have acted the same?",@flavius217 @rui_xu Are you saying they start at the end and don't explain why he was approached by cops?
@flavius217 White or Black the biggest prob people have with police is the attitude from cops. We are a guilty till proven innocent society.,@jlpauk @spants @rui_xu @flavius217 an investigative report on the shooting?
@flightradar24 But no emergency call made? Or emergency squawk? @isobelroe,@flightradar24 Any ATC available? Strange.....
"@flightradar24 isn‚Äôt 38,000ft unusually high?","@flightradar24 isn‚Äôt 38,000ft unusually high?"
"@foxandfriends funny watching Doocy struggle to pronounce ""Digny les bains""","@foxandfriends    
What was the mayday call, terror in the sky?"
@graceslick77 @clydetheslyde Buying Time to Protect a Racist..Murdering Cop.. #Sick #Coward,@my2bits4u @DMeralles @clydetheslyde http://t.co/u8QxZ0Dv60
@Henderburn don't have to give cpr. Other ways to help. But yeah keep looking for profit. Great professionalism.,"@Henderburn could you email me please to subeditors@demotix.com and I'll explain better, thx"
@Howie_Dee @BBCWorld still extremely confusing. Why a CAFE in AUSTRALIA. It doesn't make sense,@Howie_Dee @BBCWorld still extremely confusing. Why a CAFE in AUSTRALIA. It doesn't make sense
@IamLaurenGill @DIANAZOGA 9 times out 10!,@Princetngirl818 all there is a still picture of a black man walking is that what counts as evidence were they on his person?
@iGottaTravel @mtats Uber trips out of the CBD today are free to help Sydneysiders get home safely. See http://t.co/UIwoom25Bm,@Uber_Sydney What is the wait time for a ride out of the Sydney CBD? @iGottaTravel @mtats
@intelwire @ShirazMaher @JeromePio Yes lots of mixed info coming out. Anyone else here about potential 08 prison connection btwn planners?,@intelwire @ShirazMaher @JeromePio Yes lots of mixed info coming out. Anyone else here about potential 08 prison connection btwn planners?
"@itsmeggroll @zadiaz @TracyMo53321503 @mashable um, they killed themself. #whendumbpeopletweet",@mandiegillmor @zadiaz @TracyMo53321503 @mashable James Holmes is still alive. So is the guy who shot a congresswomen in Az.
@jarrodrossi @CNNVideo the picture isnt clear that could be anybody,"@BrwnSkinGirly So if someone was coming at you and beating the fuck out of you threating your life, you wouldnt shoot them if you could?"
"@jeremysale @daxshepard1 @HDMcC hey kid, go enjoy this weird sense of power I've afforded you this morning. Spend it wisely!!",@kellyoxford @daxshepard1 @HDMcC Kudos to your relaying of second-hand information! Do you have an app?
@JF_LaRue What's the reason behind the attack? @cnnbrk,@JF_LaRue What's the reason behind the attack? @cnnbrk
@jlpauk @flavius217 They are releasing irrelevant info that doesn't affect the case of Michael Brown's shooting,@spants @rui_xu @jlpauk @flavius217 to have the Supreme Court declare open season for cops on the population is a deliberate decision.
@jlpauk @spants @rui_xu @flavius217 autopsy report SPOILER alert: died from multiple gunshot wounds,@Tom_sveb @spants @rui_xu @flavius217 That right there tells me you are going into this with an agenda.
"@jlpauk @spants @rui_xu @flavius217 country is just not paying close enough attention.""",@spants @Tom_sveb @rui_xu @flavius217 If he was shot in the chest how was he running away?
@jlpauk there's a difference between an open mind and an empty one,"@jlpauk @Tom_sveb @spants @rui_xu dude, come on. This rogue cop apparently thought he was Judge Dredd and murdered an unarmed kid."
@julia_goo_lia @BBCWorld clarified that earlier. Cheers,@julia_goo_lia @BBCWorld clarified that earlier. Cheers
"@juliamacfarlane @dangillmor Unless you've got military experience, its hard to understand how much stress your brain undergoes in battle.","@amuse OK. But why precisely an ID, why not Seresta tablets? @juliamacfarlane @dangillmor"
@KoszikMeows @CNNVideo to make him he look like a thug ? üò¥,@KoszikMeows @CNNVideo to make him look like the bad guy.. Since there is no real reason for why they did it.
@KrisReyes I'm not. I just received an email from someone in Centre Block.,@_MarkSutcliffe are you inside PH? can we talk to you on Global News?
@larryelder @KLSouth So I guess you are saying it is no big deal for cops to kill unarmed black kids???   WTF.,.@PhilSerrin Has that been proven? I haven't heard your news account. Isn't the investigation of account still ongoing? @larryelder
@leonlohr @LisaBloom But she's very good at instigating and baiting....just like her mother. Smh,@leonlohr @LisaBloom and who would blame them when those authority figures are gunning surrendering suspects down?
@leonlohr @LisaBloom Shoving a clerk means you'll take on a police officer with a  gun? #SoundLogic #YesThisIsSarcasm #MikeBrown,@LisaBloom did of release the report filed by Wilson?
@life19082492084 everyone cries how bad it is... Yet public transport is still usual price and no one is whining at them.,"@NicoleWill100 @Uber_Sydney It is an illegal bloody service. Why don't you thank regular taxi drivers?
Encouraging theft are we?"
@mandiegillmor @itsmeggroll @TracyMo53321503 @mashable . http://t.co/kz6LfyqMsl,@mandiegillmor @itsmeggroll http://t.co/FTm8ioZl22
@marilynmaupin This peaceful resolution shit just resulted in dead and wounded hostages,@marilynmaupin This peaceful resolution shit just resulted in dead and wounded hostages
"@max843 @DanteB4u @Alasscan_ Who is 'other person?' 1st police LIE saying friend confessed. Under pressure, they now say he was not involved",@bristola48 Makes me wonder since robbery report filled out day later. Also was cigarillo value raised? @orangeseahorse @DanteB4u @Alasscan_
"@max843 Max are you listening to what the Chief of Police said or do you just want to believe lies? Listen carefully
http://t.co/zIRh6saMex","@max843 Max are you listening to what the Chief of Police said or do you just want to believe lies? Listen carefully
http://t.co/zIRh6saMex"
@Minus777 @flightradar24 @isobelroe Sent Mayday through radio. I suppose he had other things to do than adjust the Squawk,@Minus777 @flightradar24 @isobelroe What's the use when you're crashing?
@napps126 @DanteB4u I'm all types of confused.,"@DanteB4u @MarkMC9 are they calling Mike Brown a suspect? If so, why didn't he stop them and check them?"
"@Ont_Ombudsnanny @dmatthewmillar @devo1400 @spaikin 
from the same cops and government who tell us that cancer-curing marijuana is evil.","@Russell_Barth @dmatthewmillar @devo1400 @spaikin Call me bad Canuck, I hope those fucktards get their asses kicked. http://t.co/Xwl6nPO3UQ"
"@Ont_Ombudsnanny @dmatthewmillar @devo1400 @spaikin 
the truth will never come out. martial law is coming",@Russell_Barth @dmatthewmillar @devo1400 @spaikin Ah true. Problem now is we'll probably only get coroner's details üòÅ they won't make it.
@PD28 @BklynMiddleton Hashtag #kosher shows lots of journalists are referring to it as a kosher supermarket.,@BklynMiddleton can i borrow your universal mute button?
"@Perseus009 @RT_com @AnonymTipster 

People like you and these things that you say are what keep people like me (the establishment) laughing","@Perseus009 @RT_com @AnonymTipster 

Conspiracy wackjob"
@princekhattab @Blazingcatfur Well you don't want to read too much into that.,@princekhattab @RobPulseNews Have you seen this?
@PrinceTaughtMe I don't think it's even been on sale yet,@PrinceMuseum and oh my god the show already sold out in Toronto?!?! damn.
@Reuters Can you clarify - are the six hostages and one seriously wounded in addition to the reports of two killed?,@Reuters Can you clarify - are the six hostages and one seriously wounded in addition to the reports of two killed?
@RideauCentre @bernardcolin we were near here trying to drive to Wakefield. Stuck in tfc now,".@RideauCentre Conflicting reports regarding a possible shooting on/near the Centre, but your GM said no shooting. Can you clarify at all?"
@RT_com This sounds like made up BS,@1drngju @aprilritchey my 11 yr old would outwit you moron. ..:) blocked
@ShaunyNews where you getting the rumours from,@ShaunyNews where you getting the rumours from
@ShirazMaher @NickKristof It is a separate incident but the same #terrorist cell?,@ShirazMaher @NickKristof It is a separate incident but the same #terrorist cell?
"@skobos Will both fit on the lower thirds? I would appreciate name, then handle.",@Henderburn Will do! Would you Prefer your name or your handle?
"@skobos Yeah, sure. Please credit me though.",@Henderburn I'm a Photo Editor @ ABC- Would you be willing to share this with all ABC News platforms and with partners if we credit?
@SkyNews Just shoot him! Marksman have clearly had enough opportunities to do so,@BrigadierSlog @tikikate @CBSThisMorning heard via whom?
"@smallthunderdog @cpjskippy @Independent 
a provocation is an open invitation !!","I'm in London right now, feel free to make an appointment @RajaChemayel @cpjskippy @Independent"
@SoulRevision wait.....what???!!!,@SoulRevision wait.....what???!!!
"@tdgecas @Henderburn Getting the word out about an active shooter situation seems pretty helpful, but please, tell us what you'd have done.","@tdgecas @Henderburn Getting the word out about an active shooter situation seems pretty helpful, but please, tell us what you'd have done."
"@TexasJew Again, so far as I can tell, they were worried about explosives, and it appears there was an explosion.","@TexasJew Again, so far as I can tell, they were worried about explosives, and it appears there was an explosion."
@thatjohn @RunwayGirl They made that call in French?,@thatjohn @planefinder why would they say urgence in lieu of mayday which is standard ?
@thei100 @Independent your readers love Muslim multiculturalism so they can look forward to this in the UK soon.,@WilliamDFoster9 @thei100 @Independent don't.
"@Tom_sveb @flavius217 I blocked him, so you can leave me off the tweets. I won't see them, gives you more characters.","@Tom_sveb @flavius217 I blocked him, so you can leave me off the tweets. I won't see them, gives you more characters."
@Tom_sveb @spants @rui_xu @flavius217 If he was shot in the back he was running away but shot in the chest he could have been charging.,@spants @Tom_sveb @rui_xu @flavius217 Has that info came out yet?
@Tom_sveb @spants @rui_xu @flavius217 No that you see this as a racial situation before you know anything.,@jlpauk @Tom_sveb @rui_xu @flavius217 What? No it isn't. There is definitely no justification for deadly force once he was running.
@Tom_sveb @spants @rui_xu @flavius217 No that you see this as a racial situation before you know anything.,"@jlpauk @spants @rui_xu @flavius217 in your world, it's cool to shoot unarmed people in the chest, but not the back? Or vice versa?"
@Tom_sveb @spants @rui_xu @flavius217 Was he shot in the chest or back? From 35' away or 3' away? Which wounds came first?,@Tom_sveb @spants @rui_xu @flavius217 Was he shot in the chest or back? From 35' away or 3' away? Which wounds came first?
@Tom_sveb @spants @rui_xu @flavius217 What other info do they have ready to release? All they have said is this is why we approached him.,@jlpauk @Tom_sveb @rui_xu @flavius217 Why wasn't Dorian Johnson arrested if he was suspected of a robbery?
"@tomman191 @andybankertv @FOX2now Hey everybody, @tomman1 robbed a store. Can they shoot you down? Can I say that after they shoot you down?",@lilfer1234 @SLEEZAVELLI @andybankertv @FOX2now whose mike smith ?
"@tomman191 @andybankertv @FOX2now Hey everybody, @tomman1 robbed a store. Can they shoot you down? Can I say that after they shoot you down?","@andybankertv @FOX2now Thank you for clarifying.  You definitely didn't have to reply to me.  

Have a great day and thanks for the reports"
"@tomman191 @andybankertv @FOX2now Hey everybody, @tomman1 robbed a store. Can they shoot you down? Can I say that after they shoot you down?","@tomman191 @andybankertv @FOX2now So he took off his socks but did nothing else to change his appearance? Obliterated, lol"
"@TPM Wow. I thought a Tweep was being sarcastic, but...it really happened that way?!?","@TPM Wow. I thought a Tweep was being sarcastic, but...it really happened that way?!?"
@TracyMo53321503 @zadiaz @mashable you are saying that's mike brown in the picture? It's not. Two events unconnected. What's your point?,@4DawnMarie @mashable I'm looking for his read hat and his flip flops can you find them? http://t.co/9bVeE3q8Qk
@tsrosenberg @BklynMiddleton that's my mistake. Thanks!,@BklynMiddleton rather than being a 'lone-wolf copy-cat' the fact the attacker is so well-armed points to a far more worrying escalation.
@Uber_Sydney hikes prices during the #sydneysiege. How is that helping? Giving away free rides would help.,@Mr_Odin @Uber_Sydney What do you pay your drivers?
@Uber_Sydney So are rides free or more expensive? Your tweet is very unclear,@Uber_Sydney what do you define as CBD? Where does the boundary end?
@Uber_Sydney swarming because of a concert or event? Fine. Swarming during a hostage crisis? NOT COOL.,@Uber_Sydney So are rides free or more expensive? Your tweet is very unclear
"@Uber_Sydney Trying to get in contact, anyone at the phones?",@nicholasderoose Uber trips out of the CBD today are free to help Sydneysiders get home safely. See http://t.co/UIwoom25Bm
@universe93 @Uber_Sydney calm down its one cafe.,@Uber_Sydney what does this mean?
@vanemaya @NickKristof That's what the police are saying. I meant 'separate' as in different guys to the ones that did Charlie Hebdo attack.,@ShirazMaher @NickKristof Are moderate #Muslims protesting these acts of murder and violence?
"@vanemaya I think we don't have enough facts about the big picture right now (AQAP/ISIS etc), we'll need to wait and see  @NickKristof","@ShirazMaher Thank you, Shiraz. I understand. What do you each think about all this? What is your reaction? @NickKristof"
@veggietrunks @LisaBloom not necessarily. but it might show a particular disposition towards authority figures.,@leonlohr @LisaBloom But she's very good at instigating and baiting....just like her mother. Smh
@xSkylaStarx I could tell you but then I'd have to kill you. ;-),"@ArmedResearch Hi, can you tell me where  you got the picture?"
@YourAnonLive @OpFerguson no signatures?,@YourAnonLive @OpFerguson no signatures?
@YourAnonLive A robbery doesn't excuse an execution style murder I don't give a fuck what anyone says. Swisher Sweets aren't worth a life.,@YourAnonLive @OpFerguson No but it def softens the blow.
"@zadiaz @mashable YES, it was JUSTIFIED","@mashable umm wasn't Mike Brown wearing pants, and shoes?"
@zulubravo @Andrew_Denney @jessradio ah I see. The Shahadah having nothing to do with the Koran. Got you.,@Andrew_Denney @charlescwcooke @instapundit so we still not sure of the motivation for the attack?
"1047 call: DGAC source says pilots called ¬´urgence, urgence¬ª (‚Äúemergency, emergency‚Äù), as opposed to a mayday call or 7700 squawk. #4U9525",@thatjohn what are the implications of this? @RAeSTimR
"1047 call: DGAC source says pilots called ¬´urgence, urgence¬ª (‚Äúemergency, emergency‚Äù), as opposed to a mayday call or 7700 squawk. #4U9525",@thatjohn is that unusual?
"‚Äú?!?!? @JillKrajewski @LiveNationON: In response to inquiries, we can confirm that Prince will not be performing at @masseyhall tonight.‚Äù",@ROCKthusiast maybe tomorrow?
"‚Äú@AFP: #BREAKING Charlie Hebdo gunmen's hostage freed and safe after police assault‚Äù

Yes French policeüëä","@FridhKleberg @AFP If so that hostage will be the person best able to give an insight into the attack, if the suspects were responsible..."
"‚Äú@FoxNews: MORE: Police confirm 3 hostages escape Sydney cafe, unknown number remain http://t.co/Hq11La8bQ0 #Sydneysiege‚Äù #MartinPlace","‚Äú@FoxNews: MORE: Police confirm 3 hostages escape Sydney cafe, unknown number remain http://t.co/Hq11La8bQ0 #Sydneysiege‚Äù #MartinPlace"
"‚Äú@FoxNews: UPDATE: 13 people being held hostage in #Sydney shop, Opera House evacuated after suspicious package found: reports Are you sure?",@FoxNews only just decided to air this have you?? Jeez
‚Äú@TheSabber: @BrwnSkinGirly @CNNVideo he robbed swishers supposedly‚Äù smh,‚Äú@TheSabber: @BrwnSkinGirly @CNNVideo he robbed swishers supposedly‚Äù smh
‚Äú@usmc1872: @BrwnSkinGirly @CNNVideo what about the FBI‚ÄùüëÄ,‚Äú@usmc1872: @BrwnSkinGirly @CNNVideo what about the FBI‚ÄùüëÄ
"Accident aircraft looks to be Germanwings (Airline code 4U or GWI) flight 9525, Barcelona to Dusseldorf. #4U9525 http://t.co/TIZc1N1ZrK",@rConflictNews @sahla_sing what happened
"According to Seven, this is a picture of the gunman http://t.co/3Zor3gSOSO",What is wrong with you @SharriMarkson?
"According to Seven, this is a picture of the gunman http://t.co/3Zor3gSOSO",@SharriMarkson @australian dad?
"According to Seven, this is a picture of the gunman http://t.co/3Zor3gSOSO",@noplaceforsheep @SharriMarkson there is stupid and there is Markson's stupidity which is on another planet altogether
"AFP reports there are 2 dead, and 5 hostages being held in the Kosher store in Eastern Paris; separate incident to charlie hebdo shooters.",@ShirazMaher so what happen to the Charlie hebbdo suspects man news coverage is so shifty in this story
"AFP reports there are 2 dead, and 5 hostages being held in the Kosher store in Eastern Paris; separate incident to charlie hebdo shooters.","@cldaymon @intelwire @ShirazMaher Honestly, we need to wait official statement and investigations. By now, we all talk about rumors. :)"
"AFP reports there are 2 dead, and 5 hostages being held in the Kosher store in Eastern Paris; separate incident to charlie hebdo shooters.","@vanemaya I think we don't have enough facts about the big picture right now (AQAP/ISIS etc), we'll need to wait and see  @NickKristof"
AFP: suspected #CharlieHebdo gunmen have been killed,@SkyNewsBreak @UKlPVoter good  thats a start
BREAKING  @SkyBusiness: freed hostage borne high from #sydneysiege w/c.4 paramedic teams on the scene http://t.co/DKBQI5tx4B ( carsonscottLI,@RT_com @MatthiasMeisner Das nenne ich mal handfesten Sensationsjournalismus. Auch von RT. Could you please not annoy me with needless info?
BREAKING - Shooting on Parliament Hill. RCMP have weapons drawn #cdnpoli http://t.co/38qOgXcuet,@RichardMadan any updates?
BREAKING - Shooting on Parliament Hill. RCMP have weapons drawn #cdnpoli http://t.co/38qOgXcuet,"@RichardMadan @CTVMelissaLamb AND war memorial, or is this same?"
"BREAKING NEWS: According to documents released to the press, #MikeBrown was connected to an earlier robbery #Ferguson http://t.co/LuCR9711S0",@TheAnonMessage2 didn't the manager of the store already say this was not true
BREAKING NEWS: At least 3 shots fired at Ottawa War Memorial. One soldier confirmed shot - http://t.co/wiPaKVPSDb http://t.co/vwxeqj8xe9,@PzFeed so who is the brainiac on the right that looks like he's taking a picture?
BREAKING NEWS: Soldier shot at National War Memorial in Ottawa http://t.co/pp6hcfWcRw,@CBCNews üò± why!!!
BREAKING UPDATE: Canadian soldier injured at Parliament Hill shooting dies http://t.co/Zp9AKplH9p  #Ottawa,@RT_com SOURCE????
BREAKING: 148 feared dead in crashed #Germanwings flight http://t.co/bnEGQsxBFL,@foxandfriends As long as plane stayed in air w/only one emergency call &amp; the wide spread debris no mention of possible terrorists on board?
BREAKING: 148 feared dead in crashed #Germanwings flight http://t.co/bnEGQsxBFL,@foxandfriends ok so.. There is no other news ? For an hour this is what we hear about ??
BREAKING: 148 feared dead in crashed #Germanwings flight http://t.co/bnEGQsxBFL,@foxandfriends This is a tragedy but why does a foreign airline in a foreign country have to totally co-opt all news?
"BREAKING: At least 20 shots have been fired in the Canadian parliament in Ottawa, according to witnesses.",@JFXM wats happening?@AbuSaalihah1
BREAKING: Live coverage of hostage situation unfolding in Sydney's Martin Place http://t.co/TTG8ye71Zg http://t.co/iTwradHTb3,@newscomauHQ @ausxip Is that the Lindt chocolate cafe?
"BREAKING: Michael Zehaf-Bebeau had been designated ""high-risk traveller"" by CDN govt, which confiscated his passport http://t.co/dPeMQ78jzm","@aenk963 @BlogsofWar yes, but CSIS can't watch that many 24/7"
"BREAKING: One person seriously wounded, six taken hostage in incident at kosher supermarket in Paris: police source",@Reuters incident?
"BREAKING: Shots fired, hostages taken in manhunt for #CharlieHebdo attackers, police say http://t.co/omBy6Wsgb7 http://t.co/ZbszAHyIzJ",@NBCNews they were well known by the French/ why didn't they do anything??? then
BREAKING: Three hostages appear to have escaped the Sydney cafe where a siege remains ongoing. http://t.co/akfqcnbofX #sydneyseige,"@MaryPieters @BreakingNews #let it be a great war. The world finally needs one..  greed, selfishness, corruption"
BREAKING: Three hostages appear to have escaped the Sydney cafe where a siege remains ongoing. http://t.co/akfqcnbofX #sydneyseige,@cnni is that man holding hostages alone? or they are many?
BREAKING: Three hostages appear to have escaped the Sydney cafe where a siege remains ongoing. http://t.co/akfqcnbofX #sydneyseige,‚Äú@cnni: BREAKING: Three hostages appear to have escaped the Sydney cafe where a siege remains ongoing. http://t.co/lD8higYZyc #sydneyseige‚Äù
"Breaking: Two hostage situations in France are linked, Paris prosecutor says",@ABC @VeraSweeney Can you please identify how LONG these have been ON? it is about 4p in that area. HOW MANY HOURS ON?
"Canada's Parliament Hill is on lockdown as police hunt shooting suspect; at least 1 injured - @CBCNews, @TorontoStar http://t.co/aF9HyT9BgX","@CutGovtSpending @BreakingNews @CBCNews @TorontoStar Hardly, dont hear about a school shooting or spree every 5 mins do we?"
Canadian authorities have given name of suspect in Ottawa attacks to U.S. feds; ask for FBI assistance: Sr U.S. law enforcement official,@RamCNN @20committee any timeline on when the general public gets the name?
Car chase under way in Paris as gunfight breaks out. Reports of hostages. Latest from Paris: http://t.co/2J4WQdJnTp http://t.co/Lpd4hbiXai,@TelegraphNews @kufr666 got feed in English or Spanish?  I don't speak French. thx
Car chase under way in Paris as gunfight breaks out. Reports of hostages. Latest from Paris: http://t.co/2J4WQdJnTp http://t.co/Lpd4hbiXai,@TelegraphNews more to come??? more than 2 boys???
CTV News confirms that Canadian authorities have provided US authorities with the name Michael Zehaf-Bibeau in connection to Ottawa shooting,@inky_mark @CP24 as part of a co-op criminal investigation one would http://t.co/oEZ9w7goVi doesn't need facts to write stories it appears.
"Currently the #FoxNews website has zero, repeat, ZERO coverage of the #Ferguson protests, probably due to lack of cowboy hats.",‚Äú@clydetheslyde: Currently the #FoxNews website has zero/........as the three wise monkeys commented 'see no evil hear no evil speak no evil
"Currently the #FoxNews website has zero, repeat, ZERO coverage of the #Ferguson protests, probably due to lack of cowboy hats.","@clydetheslyde Na, it's too many black people for #FoxNews to care"
Darren Wilson is a six year veteran of the #Ferguson Police and had no disciplinary actions against him.,"@Yamiche @USATODAY - Is it true there was a struggle in the squad car, before shooting?"
DETAILS: The hostage site is Lindt Chocolat Cafe near #Sydney Harbor http://t.co/1ZlzKDjvSf http://t.co/7u8EFUwCey,@RundfunkEuropa @RT_com western countries have killed more innocent children than hitler assmunch. But you prob don't consider that terror??
FIRST PHOTOS: Hostage pressed against a window. #SydneySiege http://t.co/MOy8zCHp5a,@TheAnonMessage
Flag in window of Sydney Lindt cafe not an ISIS flag. Reads: ‚ÄòThere is no God but Allah and Muhammad is the messenger of God‚Äô (@liztilley84),@rachflit @SkyNewsAust you say what? Blackout? How will the hide the budget then?
"Flight #4U9525 initially climbed to 38,000 feet before before it started to descend and lost signal at 6,800 feet. http://t.co/MthXQ232Hn","@flightradar24 any idea why it'd flight so high?  It's a short flight, usually planes go at ~ 33,000 feet"
"Flight #4U9525 initially climbed to 38,000 feet before before it started to descend and lost signal at 6,800 feet. http://t.co/MthXQ232Hn",@flightradar24 But no emergency call made? Or emergency squawk? @isobelroe
"France: 10 people dead after shooting at HQ of satirical weekly newspaper #CharlieHebdo, according to witnesses http://t.co/FkYxGmuS58",@euronews @TradeDesk_Steve A French crime of passion or another heathen moslem atrocity?
Full statement from PM Abbott on #Sydneysiege #MartinPlace #Lindt. http://t.co/7ilKZGNBDz,@latikambourke Isn't it etiquette to remove names from a press release?
Geoblock lifted on #ABCNews24. Streaming coverage of the Martin Place siege in Sydney here  http://t.co/HvQuvP4SIb.,@mscott Any danger of leaving it off for good?? Expats are shut out by the ABC. Missing quality shows.
Geoblock lifted on #ABCNews24. Streaming coverage of the Martin Place siege in Sydney here  http://t.co/HvQuvP4SIb.,@mscott Are your reporters 100% sure it is an ISIS flag? Cause that is what is being reported. #facts
GERMAN NEWS REPORT: Co-Pilot of Germanwings Airbus Was MUSLIM CONVERT ‚Ä¶‚ÄôHero of Islamic State‚Äô? http://t.co/Pw2kxje31m via @gatewaypundit,@jjauthor @gatewaypundit Isn't Islam a wonderfully peaceful religion? I wonder how Iran will do with all of the peaceful centrifuges O gave?
"Germanwings co-pilot battled depression in '09, friends say. http://t.co/srhDPf4Zn5 http://t.co/I3Zd1RyNud",@thatjohn Have they named the pilot?
Germanwings co-pilot had serious depressive episode: Bild newspaper http://t.co/RgSTrehD21,@Robs_tweeting @daxtonbrown @ShamNaarai @AnewTrackrecord how do you know?
gm @MichaelSkolnik wow @milbank @ezrakelin @morningmika @GlennKesslerWP just cld Potus all but N wrd on air.Birthers http://t.co/hBVvcHvw48,@MariaChappelleN which version?
"God knows you good ppl have already had your share , I'm about 5 hrs away from Sydney @flossha",@OZzSue @AnitaTeguh @BBCWorld @BBCNews where are you sue in oz ?
"Haron Monis,Hostage-taker in #Sydney: Fled #Iran 96,suspect in ex-wife killing,46 sex assaults http://t.co/3caiB9OnFg http://t.co/vfOXjtrGgZ",@Joyce_Karam Is he consider as terrorist or just a criminal person  as his faith not Sunni Islam ?
"Haron Monis,Hostage-taker in #Sydney: Fled #Iran 96,suspect in ex-wife killing,46 sex assaults http://t.co/3caiB9OnFg http://t.co/vfOXjtrGgZ",@Joyce_Karam @LibyaLiberty Why was this mad man not behind bars? Ugh
HE ISN'T THE SHOOTER RT @Yamiche: Darren Wilson is a six year veteran of the #Ferguson Police and had no disciplinary actions against him.,@Yamiche @USATODAY Can we see video proof
"Heart goes out to 148 passengers and crew of Germanwings Airbus A320 that has crashed in French Alps, Southern France http://t.co/K7fmJLRt4G",@UlrichJvV @affinity292 how many 'nazis' did leebowitz kill ?https://t.co/bZdlBn9qiF
Here's the police report. Somehow #Ferguson cops valued a box of Swishers at nearly $50. Time to stop smokin I guess http://t.co/8ZkvrHkApc,"@GdurhamGarrett @iRondrea @nickk330 ok, have you seen the video?"
Here's the police report. Somehow #Ferguson cops valued a box of Swishers at nearly $50. Time to stop smokin I guess http://t.co/8ZkvrHkApc,@agentbell4272 right.  So he did that for cigars ? I know I need to sit and read report.   What's your thoughts on sll this
Hoppla! @L0gg0l: Swiss Rumors: Putin absence due to girlfriend Alina giving birth in Ticino http://t.co/vZnGDH1Qys http://t.co/5TvXSdvd1H,"@russian_market have you read this? http://t.co/p5s1UG5B9G 
Is Andrei Illarionov a reliable source in your opinion?"
"Hostage situation erupts in Sydney cafe, Australian prime minister says it may be ""politically motivated"" http://t.co/439C1MkRWf",@tomsteinfort @9NewsAUS There must be a way to enter that building?
"Hostage situation erupts in Sydney cafe, Australian prime minister says it may be ""politically motivated"" http://t.co/439C1MkRWf","RT @AP: Hostage situation erupts in Sydney cafe, Australian prime minister says it may be ""politically motivated"" http://t.co/Gh8BB9NEwM"
"Hostage situation erupts in Sydney cafe, Australian prime minister says it may be ""politically motivated"" http://t.co/439C1MkRWf",@AP Politically Motivated? Really? Why's that then?
"Hostage situation erupts in Sydney cafe, Australian prime minister says it may be ""politically motivated"" http://t.co/439C1MkRWf",@AP *checks watch* Need a few more hours for your lawyers to check your facts? lol
"Hostage taker in Sydney cafe demands ISIS flag and call with Australian PM, Sky News reports. http://t.co/a2vgrn30Xh #sydneysiege",@cnni I thought police asked media not to report demands. Why you giving these terrorists a voice?
"Hostage-taker at Paris store demands release of #KouachiBrothers, police union spokesman says. http://t.co/cTAJWVBmAO http://t.co/rYEGVIPAlU",@cnni Don't they have those machines that shoot loud focused waves at people to get them to submit?
"Hostage-taker in supermarket siege killed, reports say. #ParisAttacks http://t.co/0jxoozr8mN http://t.co/sY4M9Vox3L",@SkyNews üôè
"Hostage-taker in supermarket siege killed, reports say. #ParisAttacks http://t.co/0jxoozr8mN http://t.co/sY4M9Vox3L",@SkyNews What about his girlfriend wanted by police ?
"Hostage-taker in supermarket siege killed, reports say. #ParisAttacks http://t.co/0jxoozr8mN http://t.co/sY4M9Vox3L",@SkyNews I thought there was two hostage takers?
"I am still confused as to why these ""highly trained"" individuals left their ID in the getaway car. #CharlieHebdo",@juliamacfarlane @fattysaid Really? Is that confirmed?
If there is surveillance of a robbery why release stills and not the video itself? #Ferguson,@zellieimani @YourAnonCentral Where is the video from the cellphone taken from one of the witnesses who saw Brown shot and killed?
"If we shot everyone in the street for stealing, imagine the carnage on Wall St. #mikebrown #ferguson",@MrLewis915 but because of the training that cops receive now is more military in manner they react overly aggressive towards us (non-cop)
"If we shot everyone in the street for stealing, imagine the carnage on Wall St. #mikebrown #ferguson","Does Missouri, St. Louis County &amp; #Ferguson have rules &amp; laws about cops using deadly force? What are they?
@originalgriz @randyprine"
"In response to inquiries, we can confirm that Prince will not be performing at @masseyhall tonight.","‚Äú?!?!? @JillKrajewski @LiveNationON: In response to inquiries, we can confirm that Prince will not be performing at @masseyhall tonight.‚Äù"
"In response to inquiries, we can confirm that Prince will not be performing at @masseyhall tonight.",@LiveNationON @masseyhall Tomorrow Night?
"In response to inquiries, we can confirm that Prince will not be performing at @masseyhall tonight.",@LiveNationON @masseyhall What about tomorrow night? #Prince in #Toronto still a possibility?
In what world do you let a cop who killed someone leave town? http://t.co/T0A3rn2PeL #Ferguson,.@AngryBlackLady @goprapebuster In a world where white cops who murder shoplifting kids are free of responsibility for their actions.
ISIS -holding a Cafe hostage in Sydney- forcing Hostages to press ISIS flags against the Windows #DramaAlert HOT! http://t.co/XwXLvvWc76,@Kiippyy @KEEMSTARx is there a live feed somewhere
King Felipe VI of Spain cancels state visit to France after #Germanwings crash http://t.co/teojxJoBMX http://t.co/E5OhXbiGGU,@BBCBreaking Pray for the grieving families. üôè‚ù§Ô∏è
"Latest on #Germanwings crash: Pilots signaled 911 before dropping out of midair; airline CEO calls this a ""dark day."" http://t.co/S5CZoWnn2T",@mashable signaled 911?
"Latest on #Germanwings crash: Pilots signaled 911 before dropping out of midair; airline CEO calls this a ""dark day."" http://t.co/S5CZoWnn2T",.@mashable What does that even mean? Why would European pilots say 911 - an American emergency phone number? Nothing in article about that.
"Latest on #Germanwings crash: Pilots signaled 911 before dropping out of midair; airline CEO calls this a ""dark day."" http://t.co/S5CZoWnn2T",@mashable #germanwings really? pilots signalled 911? So they got on a satellite phone and called a US emergency line?
"Latest on #Germanwings crash: Pilots signaled 911 before dropping out of midair; airline CEO calls this a ""dark day."" http://t.co/S5CZoWnn2T","@mashable Did you mean ""mayday"" here or ""..for emergency""?"
Line of police cars with high beams on greets anyone trying to enter #Ferguson. It's shut down. No media allowed. http://t.co/bk6jFFM7jj,@AnonymousPress is this photo from last night?? Please clarify because you are using  present tense.
"Local media: 3 people appear to escape from Martin Place, Sydney, caf√©, amid hostage situation - @ABCNews http://t.co/N5mmnilz4Z",@BreakingNews @abcnews Fyi @CNN.
"Map shows industrial estate where 2 #CharlieHebdo suspects are holed up, surrounded by police http://t.co/hi9g8dxpiR http://t.co/Vw2L6SQcMH",@BBCBreaking why aint the reporyers walking accross the grass to get closer instead od tryna get past the police?
"Map shows industrial estate where 2 #CharlieHebdo suspects are holed up, surrounded by police http://t.co/hi9g8dxpiR http://t.co/Vw2L6SQcMH",@BBCBreaking by any chance does that printing business actually print the Charlie Hebdo newspaper?
MORE: Police believe three gunmen were involved in shootings in Ottawa this morning and are looking for two shooters. http://t.co/IHV4galEtC,@CTVNews @ctvsaskatoon so what happened at Rideau? Nothing?
MORE: Police believe three gunmen were involved in shootings in Ottawa this morning and are looking for two shooters. http://t.co/IHV4galEtC,@CBSNews And when will you be announcing they are Muslims? http://t.co/lZwUzG0nAI
"MORE: Police confirm 3 hostages escape Sydney cafe, unknown number remain inside http://t.co/pcAt91LIdS #Sydneysiege",@ABC Really?  The motive is unknown?  Does the flag in the window provide any possible clue?  Do you employ the world's worst reporters?
"MORE: Police confirm 3 hostages escape Sydney cafe, unknown number remain inside http://t.co/pcAt91LIdS #Sydneysiege",@FoxNews I wonder if other terrorist are gonna help the gunman escape after all this... better be on the look out for other terrorist
"MORE: Police confirm 3 hostages escape Sydney cafe, unknown number remain inside http://t.co/pcAt91LIdS #Sydneysiege",@FoxNews cc @viswanth183
"MORE: Police confirm 3 hostages escape Sydney cafe, unknown number remain inside http://t.co/pcAt91LIdS #Sydneysiege","‚Äú@FoxNews: MORE: Police confirm 3 hostages escape Sydney cafe, unknown number remain inside http://t.co/rDZmvtkkb4 #Sydneysiege‚Äù"
"Name of #Ferguson cop is expected to be released by 9 ET, police chief says: http://t.co/NhMsTgfzYi (J.B. Forbes, AP) http://t.co/7LU1iT1EKB",@USATODAY New police chief?
Names of pilots rumored to be Patrick Sonderheimer with co-pilot Andreas Lubitz - No formal confirmation yet. #germanwings,@henkvaness Source of info?
"Nearly 7k blacks were murdered last yr--almost all by other blacks. A tiny % were unarmed-killed-by-cop.
Where's Al, Jesse?
#tcot #ferguson",@larryelder how many of those blacks that killed blacks avoided prosecution?
"Nearly 7k blacks were murdered last yr--almost all by other blacks. A tiny % were unarmed-killed-by-cop.
Where's Al, Jesse?
#tcot #ferguson",@larryelder @adagioforstring Indeed where?
"Oh. So NOW the #Ferguson police chief says the cop didn't know about the robbery when he stopped #MikeBrown. The kid was ""jaywalking""? BS!","@rolandsmartin initially, but found out about the robbery during the altercation"
"Oh. So NOW the #Ferguson police chief says the cop didn't know about the robbery when he stopped #MikeBrown. The kid was ""jaywalking""? BS!",@rolandsmartin may be prudent to ask clerk if Brown was the one who hit him
"Oh. So NOW the #Ferguson police chief says the cop didn't know about the robbery when he stopped #MikeBrown. The kid was ""jaywalking""? BS!","@rolandsmartin they've been throwing out one lie after another. And none of it makes sense. How was he ""prime suspect"" just minutes after?"
"On Israeli TV, an Israeli woman speaks of her nephew,a mother with 6 month old baby, held hostage in the supermarket in Paris. #JeSuisJuif",@AvitalLeibovich do you have a link?
"On Israeli TV, an Israeli woman speaks of her nephew,a mother with 6 month old baby, held hostage in the supermarket in Paris. #JeSuisJuif",@AvitalLeibovich I assume you mean niece?
Only photo I will tweet. CPR being performed on the soldier now. I heard four shots. #ottawa http://t.co/cqdw1yx8AI,"@Henderburn Hi Peter, this is Marta, reporter from Demotix. Did you take the photo? Would be ok for us to use? Can you send it? thanks"
Only photo I will tweet. CPR being performed on the soldier now. I heard four shots. #ottawa http://t.co/cqdw1yx8AI,@Henderburn why are there no police ??
"Ottawa Police Service: There were ""numerous gunmen"" at the Canada War Memorial shooting. One person was shot. http://t.co/zNhxK6wBoy",@cnnbrk Numerous? More than three?
Paramedics are currently carrying out a number of hostages in #MartinPl. #SydneySiege #9News,@7NewsSydney @MarkSteynOnline Who would think otherwise!?!?
"Paris says highest alert level extended north to region where attack suspects spotted - @AFP, @MelissaBellF24 https://t.co/pj8kecnVt7",@BreakingNews @AFP @MelissaBellF24 How stupid http://t.co/L4WURw0G0e
Photos of alleged robbery involving Michael Brown in #Ferguson (via police) http://t.co/gr83XTGO1t http://t.co/7V34OtGYcn,"@YourAnonLive @euIVmusic WHY does the time stamp say 11:51 on the report, but one of the stills of the robbery shows 11:53?"
Photos of alleged robbery involving Michael Brown in #Ferguson (via police) http://t.co/gr83XTGO1t http://t.co/7V34OtGYcn,@NBCNews Easy to know if this is Brown by looking at what he was wearing when he was killed.  Has there been a positive ID for this?
Police confirm that #sydneysiege is finally over. Two people reportedly injured after suffering gunshot wounds http://t.co/nsprnSYTDT,@Angus_OL Angus!! They havent said anything about the gunman??
"Police confirm they are ""monitoring Facebook &amp; Twitter"" after reports hostages are tweeting from inside #sydneysiege http://t.co/z9JrtJ2IN3",@BBCBreaking  why tell the whole world you morons...
Police have named the cop who shot Michael Brown. @alicesperi's latest report from #Ferguson: http://t.co/1K79nsOtx3 http://t.co/cV3VCkUR6L,@JustinGlawe @JesseLaGreca thanks. Now we need a pic of what michael brown was wearing to refute the video.
Police in #Ferguson plan to release name of officer who shot unarmed teen Michael Brown: http://t.co/oqns3yVfTx http://t.co/9fb09WUtdN,"@ReutersUS @Reuters   whos the man in blk,"
POLICE MOVE IN: Police confirm live ammunition used in Martin Place #sydneysiege,@7NewsSydney where's the live stream at
"Police reports released this morning indicate Mike Brown was a suspect in a ""strong-armed"" robbery in #Ferguson",@DIANAZOGA @AntonioFrench Antonio French tweeted this vid 4 days ago. Is this the same robbery and market? https://t.co/uzi36hP9Zo
"Police reports released this morning indicate Mike Brown was a suspect in a ""strong-armed"" robbery in #Ferguson",@DIANAZOGA @AntonioFrench How were the police so quick to indicate Mike Brown if all of this took place in a matter of minutes?
"Police reports released this morning indicate Mike Brown was a suspect in a ""strong-armed"" robbery in #Ferguson",@DIANAZOGA @AntonioFrench Ironic since all the i witnesses say the officer was white. Now it is the black officer Darren Wilson who shot??
"Police reports released this morning indicate Mike Brown was a suspect in a ""strong-armed"" robbery in #Ferguson","@DIANAZOGA @j03_2 Indicate? If he was a suspect why did the police stop his car next to him and tell him to ""get the f#ck on the sidewalk"" ?"
"Police reports released this morning indicate Mike Brown was a suspect in a ""strong-armed"" robbery in #Ferguson",@HaX_FR0ST @DIANAZOGA @AntonioFrench So they're claiming a BLACK cop killed #MikeBrown? ?
"Possible ""robbery"" took place and BAM! Like magic it's as if another UNARMED black youth being murdered has been forgotten #smh #Ferguson","@MrsDowns @YourAnonLive  corny, but only TRUE evil wants Us to believe INERT OBJECTS are more valuable than LIFE!  --GBJ #thinkforyourself"
Prime Minister Tony Abbott's statement on the #SydneySiege. Updates: http://t.co/EgWHAnjO35 http://t.co/AGhyN5Qkei,@australian @HepworthAnnabel thank god our madness is limited to running around and causing anyone any harm. Hope for a peaceful ending
"Prince not playing Massey Hall tonight, promoter says http://t.co/clVHvM07kx http://t.co/IADirsFOOC",@CBCNews good :-)
"Prince not playing Massey Hall tonight, promoter says http://t.co/clVHvM07kx http://t.co/IADirsFOOC","@CBCNews And, ... ?
When @CBCNews asked Live Nation why no one made this clarification 4 or 5 hours earlier?"
Prince rumoured to be performing in surprise show in Toronto http://t.co/PEbtcmybqc http://t.co/HOoFI33eV2,"@CTVNews Next, maybe Vancouver, B.C?"
Prince rumoured to be performing in surprise show in Toronto http://t.co/PEbtcmybqc http://t.co/HOoFI33eV2,@CTVNews  he's still alive???
"Ray Hadley says he spoke with hostage, and could hear the gunman in the background barking orders and demanding to go live on air",@tomsteinfort @Channel9 Do we know the person has a gun?
"Reminder: Forget the robbery, forget the minor looting. NOTHING justifies militarized police pointing sniper rifles at journalists #Ferguson",@PrisonPlanet minor looting? Didn't they burn down a store?
Report: #Ferguson police beat up wrong suspect then charged him for getting blood on uniforms in 2009 http://t.co/Mck8FYYOpp,@tipofthemitt @WSJ You thought of that all by yourself??? Amazingly Irrelevant!!!
Reports: #CharlieHebdo suspects killed http://t.co/rsl4203bcQ,@HuffingtonPost Can you confirm the reports that those suspects were killed by French police?
RT @khjelmgaard: German media reporting #AndreasLubitz had a 'serious depressive episode' six years ago http://t.co/MUdmHPz2ro #Germanwings,@USATODAY @khjelmgaard Him and millions of others no doubt but WHAT tipped him six years later to commit such an atrocious act??
Rural region of northern France searched in hunt for #CharlieHebdo gunmen - latest updates http://t.co/7iVIN3nqCv http://t.co/YrdUIOjrZF,@BBCWorld did shooting not happen in paris
Rural region of northern France searched in hunt for #CharlieHebdo gunmen - latest updates http://t.co/7iVIN3nqCv http://t.co/YrdUIOjrZF,@BBCWorld #JeSuisCharlie NO. We are witness on how the world have let terrorist walk on our streets. Why they were out of Jail? The Media
Senior U.S. official: Canadian government has informed U.S. that one shooter is dead in Ottawa. Live blog: http://t.co/q98AMohu7T,@cnnbrk I hate to say that but maybe we should let Assad finish the job over there
Senior U.S. official: Canadian government has informed U.S. that one shooter is dead in Ottawa. Live blog: http://t.co/q98AMohu7T,@cnnbrk There is no proof yet that the shooter(s) has anything to do with ISIL but A BANFIELD &amp; CNN are already dropping that scare message
Senior U.S. official: Canadian government has informed U.S. that one shooter is dead in Ottawa. Live blog: http://t.co/q98AMohu7T,@cnnbrk we need d I.D of the shooter
"Several more hostages flee from cafe under siege in Sydney, local media say http://t.co/YjuafDPNEY",@BBCBreaking  A gunshot heard?
Several people being held hostage at a Sydney cafe. Australian tv showing people with  hands up against a window: http://t.co/AD2PR4OPFq,@BBCWorld @Glinner who could be doing this? And why? Don't expect bbc to tell you
Several people being held hostage at a Sydney cafe. Australian tv showing people with  hands up against a window: http://t.co/AD2PR4OPFq,"@BBCWorld @2tweetaboutit  Being forced to hold an IS flag up by ISIS followers, or is that not part of the news ?"
Several people being held hostage at a Sydney cafe. Australian tv showing people with  hands up against a window: http://t.co/AD2PR4OPFq,@tanach67 @BBCWorld @Glinner Muslim extremists that's who. http://t.co/JXSSvhZ4Oh
"Shoot unarmed kid.
Conceal evidence.
Impose martial law.
Harass reporters.
Smear the victim.
Worst. Police. Ever.
#Ferguson #MikeBrown",@DostoevskyShade @AkaDimiX @140elect sorry what now?
Shooting in Canadian parliament comes day after ISIS-inspired radical drove in2 Canadian soldier. Also reports of shooting at War memorial/1,@Ahmed__Hussain_ @ummsalama15_ One definition? A person that thinks its ok to decapitate innocent journalists / aid workers
Shots fired on parliament hill after a man walked up with a gun. I'm locked in a security office on parliament hill,@cmaconthehill WTH is happening?
St. Louis Co Police tell me ofcr shot a man who pointed handgun at him at Chambers &amp; Sheffingdell at about 1 a.m. Man in critical. #ferguson,@valeriehahn source?
"Store owner told @FOX2now Monday that there was a theft, but said it was not MichaelBrown; said it was someone else #Ferguson",@leonlohr @LisaBloom Yep!! Splitting image in everything except one has black hair and other blonde....
"Store owner told @FOX2now Monday that there was a theft, but said it was not MichaelBrown; said it was someone else #Ferguson",@andybankertv @FOX2now Where's @CNN @cnnbrk  With this breaking news? Police Chief making press conference. #SmokeScreen4Murder #Ferguson
"Store owner told @FOX2now Monday that there was a theft, but said it was not MichaelBrown; said it was someone else #Ferguson",@andybankertv @FOX2now why did the store owner say it wasn't him and the friend admitted it was? Have the gotten an explanation
"Suspects in #CharlieHebdo attack spoke to police by phone and said they wanted to die as martyrs, says French MP. http://t.co/bGkMtT3lUF","@snowytristan , Hi Betty.. You are in Australia?"
Sydney airspace wasn't closed. A second terror suspect wasn't arrested. Myths around #sydneysiege debunked. http://t.co/yTLKLUKnFd,"@smh hardly myths. Merely poor, unconfirmed reporting. #sydneysiege"
SYDNEY SIEGE: Gunman forces hostages to hold up ISIS flag in window http://t.co/9K3XXEiSFa http://t.co/cATxCjYXpy,@DailyMailAU Are you sure they have guns ?? Australia has banned a lot of them ??
Take a break from bashing Cheney and waterboarding. Possible ISIS terrorist attack ongoing in Sydney. http://t.co/nkksw4ozE2,@makeshiftmgc @DailyMailAU Yes I know that hand gun crime is up 55% where I live and they are banned ! :(
The #CharlieHebdo attack suspects have reportedly fired shots while robbing a petrol station http://t.co/joSfDCybpI http://t.co/7xQIrb4vbU,@SkyNews why have these worthless pricks not been taken out yet ?
"The Canadian soldier killed in today's Ottawa shooting is Cpl. Nathan Cirillo, a family source told CNN. Live blog: http://t.co/D58rrFrbwq",@Cellying I am so sad and disgusted that some coward has done this to 2 of our soldiers now. I am livid.
"The Canadian soldier killed in today's Ottawa shooting is Cpl. Nathan Cirillo, a family source told CNN. Live blog: http://t.co/D58rrFrbwq",@cnnbrk @OutFrontCNN Out of respect for his family could CNN please stop showing pictures and video of people performing CPR on him?
The last person killed in Charlie Hebdo attacks was Muslim police officer http://t.co/qQXNLUDYPG http://t.co/PJH6tlyrpC,"@Independent Just for the sake of good journalism, which one is it? http://t.co/Zk9rA6HylC"
This afternoon we've lowered our flags to half mast in honour of the Canadian Reservist who lost his life in Ottawa. http://t.co/3oTF5sd2Lf,@CTVNews I want answers Why did I get netter News fom CNN And CBS ???
This appears to be the original source of the Putin/Kabayeva/Swiss clinic rumour http://t.co/bKfJTSGdca,@BBCDanielS But why a Swiss clinic? Why not give birth in Russia? What am I missing here?
This widely shared cartoon about the #CharlieHebdo attack is actually by @LucilleClerc and not #Banksy http://t.co/HxKI8pefcU,"@BBCtrending How do you know? I thought the graffiti ""artist"" was supposed to be anonymous. @brianstelter @LucilleClerc"
This widely shared cartoon about the #CharlieHebdo attack is actually by @LucilleClerc and not #Banksy http://t.co/HxKI8pefcU,Does this cartoon means that hatred cartoons to holy values will continue? @BBCtrending @CanAnayasa @LucilleClerc
True? ‚Äú@valeriehahn: CountyPD tell me ofcr shot a man who pointed handgun at him at Chambers/Sheffingdell at 1 a.m. Man critical #ferguson‚Äù,@valeriehahn How many weeks until police interview witnesses? @mattdpearce
Uber intros surge pricing in downtown Sydney during hostage siege http://t.co/XWGe9MpUzU http://t.co/cwhIiozFNr,‚Äú@mashable: Uber intros surge pricing in downtown Sydney during hostage siege http://t.co/Hs9OGDzT1e http://t.co/szDW6UpIox‚Äù Just not right
Uber intros surge pricing in downtown Sydney during hostage siege http://t.co/XWGe9MpUzU http://t.co/cwhIiozFNr,@mashable @techAU don‚Äôt they mean ‚Äúsiege pricing‚Äù?
"Uber says it has hiked prices in Sydney to ""encourage more drivers to come online &amp; pick up passengers."" http://t.co/MCJ0rMSXPc #SydneySiege","@mashable If car can't get to rider, rider can't walk to car &amp; unable to schedule pickups, what is an @Uber rider to do? @Uber_Sydney"
Uber Sydney trips from CBD will be free for riders. Higher rates are still in place to encourage drivers to get into the CBD.,@Uber_Sydney that's like the most confusing statement ever. The social media department of Uber Sydney is high or something?
Uber Sydney trips from CBD will be free for riders. Higher rates are still in place to encourage drivers to get into the CBD.,"@Uber_Sydney Trying to get in contact, anyone at the phones?"
Uber Sydney trips from CBD will be free for riders. Higher rates are still in place to encourage drivers to get into the CBD.,@Uber_Sydney swarming because of a concert or event? Fine. Swarming during a hostage crisis? NOT COOL.
Uber Sydney trips from CBD will be free for riders. Higher rates are still in place to encourage drivers to get into the CBD.,@Uber_Sydney @mtats so is uber paying for the rides paying the drivers?
Uber Sydney trips from CBD will be free for riders. Higher rates are still in place to encourage drivers to get into the CBD.,@Uber_Sydney who's paying then?
Uber Sydney trips from CBD will be free for riders. Higher rates are still in place to encourage drivers to get into the CBD.,@Uber_Sydney so free or surge pricing? #confused
Unconfirmed reports claim that Michael Essien has contracted Ebola. http://t.co/VASQrZdLhH,"@FootballcomEN if it is unconfirmed, why do you tweet it?"
Unformed Russian Embassy staff in London have left for Russia  Rumours Putin HAS DIED! http://t.co/zSIV8w6FJ2 via @ShaunyNews #PutinDead?,@irishspy @jimgeraghty Or preparing to launch yet another war?
Up to 20 held hostage in Sydney Lindt Cafe siege http://t.co/4KisV2PKI5 http://t.co/qIaa63SCQk,@StarliteGrunt Really want to stop it? Bomb Mecca! Level it. @BuzzFeedOz @cberkman
Update - AFP says gunman who has taken a hostage at kosher supermarket in Paris believed to be suspect in killing of policewoman on Thursday,@SkyNewsBreak Presume they wanted a #Jewish #hostage. So much for martyrdom. Why a kosher deli particularly?
Update - AFP says gunman who has taken a hostage at kosher supermarket in Paris believed to be suspect in killing of policewoman on Thursday,@SkyNewsBreak Why would someone leave their ID-card? Thereafter allegedly seen at a gas station. Now hostage sit. Reports of
Update - AFP says gunman who has taken a hostage at kosher supermarket in Paris believed to be suspect in killing of policewoman on Thursday,"@SkyNewsBreak a 3rd shooting at present

Divert Operatons?"
Update: #Ferguson police release stills from convenience store footage showing robbery http://t.co/rl0RgIphUp http://t.co/PHUofG7mJR,@mashable is that Mike Brown? the guy in these pics looks a lot bigger than the pics of Mike Brown in prior still photos released?
Update: #Ferguson police release stills from convenience store footage showing robbery http://t.co/rl0RgIphUp http://t.co/PHUofG7mJR,@mashable red hat?
Update: #Ferguson police release stills from convenience store footage showing robbery http://t.co/rl0RgIphUp http://t.co/PHUofG7mJR,@TracyMo53321503 @zadiaz @mashable what point are you making about the photo?
UPDATE: 13 hostages inside Sydney coffee shop near Sydney Opera House; Abbott will deliver a statement shortly. #ISISAttacks #sydneyseige,@designnotdrum @JSchoenberger7 @TheAnonMessage Does it actually matter?
"UPDATE: 13 people being held hostage in #Sydney shop, Opera House evacuated after suspicious package found: reports http://t.co/n4D3yGjso9",@FoxNews why are you not airing the situation in Sydney ?
"UPDATE: Hostages fleeing #Sydney cafe held by Iranian gunman as explosions, gunshots are heard: http://t.co/WrPVZSJHlX",@anjalisidebar is it safe anywhere?
"UPDATE: Hostages fleeing #Sydney cafe held by Iranian gunman as explosions, gunshots are heard: http://t.co/WrPVZSJHlX",@FoxNews any update on PA shooting?
"UPDATE: Hostages fleeing #Sydney cafe held by Iranian gunman as explosions, gunshots are heard: http://t.co/WrPVZSJHlX","@FoxNews  Was he saying ""hands up don't shoot""? Police overreaction? People are glad the police are there when they are in trouble."
"UPDATE: Plane crash in south of France had 142 passengers, 2 pilots and 4 crew.",@rConflictNews @AlArabiya_Eng No crew???? Those passengers were all on their own? Wtf!
UPDATE: Total of 5 people have been able to get out of Sydney cafe during hostage situation: http://t.co/mp18E4DdjW http://t.co/n5vhI5DsZg,@ABC
URGENT: Darren Wilson is the police officer who shot Mike Brown http://t.co/RZ1eYcKpiY #Ferguson http://t.co/D2HyKchWvq,@RT_com Is this the right link?
URGENT: Darren Wilson is the police officer who shot Mike Brown http://t.co/RZ1eYcKpiY #Ferguson http://t.co/D2HyKchWvq,@RT_com Urgent: Fearmonger much?
"US evacuated Consulate in Sydney after #sydneysiege. Emergency warning to U.S. citizens urging them to ""maintain high level of vigilance"".",@fairyofbloom Hoping for a safe and speedy resolution. Praying no one is hurt but that seems unlikely considering.
"US evacuated Consulate in Sydney after #sydneysiege. Emergency warning to U.S. citizens urging them to ""maintain high level of vigilance"".",@WilliamsJon @Sassafras_Knob maintain high level of vigilance? Against who? Obama said islamic terrorists don't exist in America remember?
Very good on #Putin coup by @CoalsonR: Three Scenarios For A Succession In Russia http://t.co/fotdqxDfEV via @RFERL http://t.co/RdA0giizeb,@andersostlund What are your thoughts on #WhereIsPutin?
Very reliable source on Parliament Hill tells me the assailant has been killed. #cdnpoli #ottnews,"@_MarkSutcliffe thanks Mark, Are you in Ottawa? Stay safe"
"Victims of #Germanwings crash were most likely from Spain, Germany &amp; Turkey, says French President Hollande http://t.co/teojxJoBMX","Have mercy My heart breaks RT @BBCBreaking #Germanwings confirm 144 ppl &amp; 6 crew on FLT #4U9525 crash in French Alps 
http://t.co/EnWBqbFRzn"
"wait, does 'higher rate' mean what @Uber_Sydney is paying drivers? #clarification","wait, does 'higher rate' mean what @Uber_Sydney is paying drivers? #clarification"
We are in full lock down until further notice from Ottawa Police.,@RideauCentre any reports of shots fired inside the Rideau Centre or just nearby?
We understand there are two gunmen and up to a dozen hostages inside the cafe under siege at Sydney.. ISIS flags remain on display #7News,@KristyMayr7 @worstbloke sorry - how do you know it's an ISIS flag? Can you actually confirm that?
What's so frustrating is that now we are talking about a robbery and not the killing of an unarmed kid. #ferguson,"@ZerlinaMaxwell @TopCat_TC You're CHOOSING to talk about a ""robbery"" based on a tape that only shows a confrontation not a crime. So stop!"
Witnesses say the Charlie Hebdo gunmen identified themselves as members of al-Qaida: http://t.co/WSEe7PGIdY http://t.co/fTzk4xzZIr,@Slate Who funded/armed/trained gunmen? https://t.co/iPBkLwhQk8 ‚Ä¶ Jeffrey Epstein also in CFR+Trilateral Commission #JeSuisCharlie
Witnesses say the Charlie Hebdo gunmen identified themselves as members of al-Qaida: http://t.co/WSEe7PGIdY http://t.co/fTzk4xzZIr,"@Slate @zaidbenjamin Identified themselves ? You having a laugh, so how come they didn't get shot too ? :/ #France"
